id	type	name	file
2:105	image	01 1	01-1-2-105.png
3:106	image	01 2	01-2-3-106.png
4:137	image	image 1	image-1-4-137.png
4:162	image	product-21-320x320 1	product-21-320x320-1-4-162.png
4:164	image	image 2	image-2-4-164.png
4:280	image	01 3	01-3-4-280.png
4:282	image	image 7	image-7-4-282.png
4:284	image	image 8	image-8-4-284.png
4:286	image	image 9	image-9-4-286.png
4:289	image	product-20-320x320 1	product-20-320x320-1-4-289.png
4:291	image	image 10	image-10-4-291.png
5:86	image	01	01-5-86.png
5:87	image	02	02-5-87.png
5:88	image	03	03-5-88.png
5:89	image	04	04-5-89.png
4:423	image	image 15	image-15-4-423.png
4:428	image	image 14	image-14-4-428.png
4:379	image	image 12	image-12-4-379.png
5:2414	image	image 16	image-16-5-2414.png
2:91	icon	Group 1	group-1-2-91.svg
2:98	icon	Iconly/Curved/Logout	iconly-curved-logout-2-98.svg
4:152	icon	Iconly/Two-tone/Arrow - Down 2	iconly-two-tone-arrow-down-2-4-152.svg
4:201	icon	shopping 1	shopping-1-4-201.svg
4:209	icon	heart 1	heart-1-4-209.svg
4:392	icon	Iconly/Curved/Arrow - Right 2	iconly-curved-arrow-right-2-4-392.svg
5:31	icon	Iconly/Light-Outline/Arrow - Right	iconly-light-outline-arrow-right-5-31.svg
5:45	icon	Iconly/Light-Outline/Arrow - Right	iconly-light-outline-arrow-right-5-45.svg
5:54	icon	Iconly/Light-Outline/Arrow - Right	iconly-light-outline-arrow-right-5-54.svg
5:72	icon	Iconly/Light-Outline/Arrow - Right	iconly-light-outline-arrow-right-5-72.svg
5:99	icon	Iconly/Curved/Arrow - Right	iconly-curved-arrow-right-5-99.svg
5:118	icon	Iconly/Curved/Arrow - Right	iconly-curved-arrow-right-5-118.svg
5:2378	icon	Iconly/Curved/Location	iconly-curved-location-5-2378.svg
5:2386	icon	Iconly/Curved/Calling	iconly-curved-calling-5-2386.svg
5:2392	icon	Iconly/Curved/Message	iconly-curved-message-5-2392.svg
5:2408	icon	Linkedin	linkedin-5-2408.svg
5:2409	icon	Instagram	instagram-5-2409.svg
5:2410	icon	Facebook	facebook-5-2410.svg
5:2411	icon	Twitter	twitter-5-2411.svg
